[{"id":"f743385f-02d0-4f48-9aba-9944a5d27ff8","type":"card","cardType":"diamonds-6","deck":"b5d4c90f-d935-4410-af50-402e019ada0f","parent":null,"x":379.78,"y":276.83,"z":481,"dragging":null,"draggingType":null},{"id":"ee309584-098e-47f3-ac9d-5cff057537e4","type":"card","cardType":"diamonds-4","deck":"b5d4c90f-d935-4410-af50-402e019ada0f","parent":null,"x":379.78,"y":276.83,"z":438,"dragging":null},{"id":"90f995ec-5cee-4094-86f9-bab1c6710aed","type":"card","cardType":"diamonds-4","deck":"b5d4c90f-d935-4410-af50-402e019ada0f","parent":null,"x":379.78,"y":276.83,"z":446,"dragging":null},{"id":"583c61ba-5dac-4ab2-98cf-b9867d22271e","type":"card","cardType":"diamonds-8","deck":"3b2d8e41-6cd4-454a-bf26-17d23ecb6619","parent":null,"x":1128.91,"y":289.43,"z":453,"dragging":null},{"id":"e861c28d-ec3a-4645-8f0a-9be31bfe846b","type":"card","cardType":"diamonds-6","deck":"b5d4c90f-d935-4410-af50-402e019ada0f","parent":null,"x":379.78,"y":276.83,"z":443,"dragging":null},{"id":"41875e31-4c56-4417-a89f-bbe22603660a","type":"card","cardType":"diamonds-5","deck":"b5d4c90f-d935-4410-af50-402e019ada0f","parent":null,"x":379.78,"y":276.83,"z":447,"dragging":null},{"id":"16dc007c-eb93-415f-8544-bfd078efbdd0","type":"card","cardType":"diamonds-8","deck":"b5d4c90f-d935-4410-af50-402e019ada0f","parent":null,"x":379.78,"y":276.83,"z":449,"dragging":null},{"id":"4f38f7dd-b3c6-427c-baf3-d6a08f2b2efe","type":"card","cardType":"diamonds-8","deck":"3b2d8e41-6cd4-454a-bf26-17d23ecb6619","parent":null,"x":1128.91,"y":289.43,"z":463,"dragging":null},{"id":"4ed16780-d8fe-423e-870a-c07f618f0892","x":1134.88,"y":254.39,"z":474,"type":"labelText","labelContent":"Draw Pile Car 2","textSize":18,"bold":false,"textAlign":"left","width":200,"linkedSeat":null,"dragging":null},{"id":"9c248ef2-6fa9-4e97-9790-6bc73c6c85f2","type":"card","cardType":"diamonds-4","deck":"3b2d8e41-6cd4-454a-bf26-17d23ecb6619","parent":null,"x":1128.91,"y":289.43,"z":464,"dragging":null},{"id":"bc4a9168-1107-46c2-9999-a6bf9a785047","type":"card","cardType":"diamonds-6","deck":"3b2d8e41-6cd4-454a-bf26-17d23ecb6619","parent":null,"x":1128.91,"y":289.43,"z":461,"dragging":null},{"id":"89057993-ca61-4cd5-ab26-2975145c272b","x":175.99,"y":472.75,"z":297,"type":"labelText","labelContent":"Car 1","textSize":30,"bold":true,"textAlign":"center","width":300,"linkedSeat":null,"dragging":null},{"id":"e7aaec57-3845-4051-8073-9ae074a69190","x":51.7,"y":248.52,"z":469,"type":"labelText","labelContent":"Played Cards Car 1","textSize":18,"bold":false,"textAlign":"left","width":200,"linkedSeat":null,"dragging":null},{"id":"8c804285-2c95-40f0-b083-dbdd554331c6","type":"card","cardType":"diamonds-7","deck":"b5d4c90f-d935-4410-af50-402e019ada0f","parent":null,"x":379.78,"y":276.83,"z":441,"dragging":null},{"id":"56aea298-5787-41c4-865e-450ca63dc91e","x":758.26,"y":252.37,"z":473,"type":"labelText","labelContent":"Played Cards car 2","textSize":18,"bold":false,"textAlign":"left","width":200,"linkedSeat":null,"dragging":null},{"backTemplate":{"includeBorder":"heavy","includeRadius":true,"objects":[{"type":"image","x":0,"y":0,"w":103,"h":160,"color":"#840202","valueType":"static","value":"/img/cardbacks/cardback-red.svg"},{"type":"image","x":0,"y":0,"w":103,"h":160,"valueType":"static","value":"package://userassets/8a8d588b-7aed-4d33-b936-be455e210ff5.png"}]},"type":"cardDeck","autoShuffle":true,"y":300.55,"cardTypes":{"diamonds-4":{"label":"SNAIL","image":"package://userassets/6617a7de-bd29-4f72-b57d-a50f2443813f.png"},"diamonds-5":{"label":"RABBIT","image":"package://userassets/0d2a36a3-4465-4e01-be80-7d57b6c04215.png"},"diamonds-6":{"label":"DOG","image":"package://userassets/ef5cd4be-dc09-4bc1-8be8-410f861fba49.png"},"diamonds-7":{"label":"HORSE","image":"package://userassets/a58bdc37-76ce-4094-b705-f6f7c8189d83.png"},"diamonds-8":{"label":"BIRD","image":"package://userassets/73328f20-6630-4393-a95c-e5e12a6a061f.png"}},"id":"3b2d8e41-6cd4-454a-bf26-17d23ecb6619","z":421,"x":1230.9,"faceTemplate":{"includeBorder":"heavy","includeRadius":true,"objects":[{"type":"image","x":0,"y":0,"w":103,"h":160,"color":"white","valueType":"dynamic","value":"image"}]},"dragging":null},{"id":"9c41b0cf-0465-4ff3-b231-5bc59f5d6b0a","x":392.43,"y":249.65,"z":470,"type":"labelText","labelContent":"Draw Pile Car 1","textSize":18,"bold":false,"textAlign":"left","width":200,"linkedSeat":null,"dragging":null},{"id":"dbfa8b5d-5afe-4178-8fe2-aca276d59dd1","type":"card","cardType":"diamonds-5","deck":"3b2d8e41-6cd4-454a-bf26-17d23ecb6619","parent":null,"x":1128.91,"y":289.43,"z":458,"dragging":null},{"id":"c3bfda65-4aa2-4b35-b95d-a1be3c13d32b","type":"card","cardType":"diamonds-6","deck":"b5d4c90f-d935-4410-af50-402e019ada0f","parent":null,"x":379.78,"y":276.83,"z":444,"dragging":null},{"id":"26a37587-89b6-49f8-8b49-dd3a96730734","type":"card","cardType":"diamonds-8","deck":"b5d4c90f-d935-4410-af50-402e019ada0f","parent":null,"x":379.78,"y":276.83,"z":439,"dragging":null},{"id":"2f431247-cab6-44e7-8a94-a51c27d0a17b","type":"card","cardType":"diamonds-5","deck":"3b2d8e41-6cd4-454a-bf26-17d23ecb6619","parent":null,"x":1128.91,"y":289.43,"z":462,"dragging":null},{"id":"b65b3831-b342-4a4d-94e6-061ebbb08b07","type":"card","cardType":"diamonds-5","deck":"b5d4c90f-d935-4410-af50-402e019ada0f","parent":null,"x":379.78,"y":276.83,"z":450,"dragging":null},{"id":"e1686449-3ba9-4dba-b964-5199e0f7b875","type":"card","cardType":"diamonds-6","deck":"3b2d8e41-6cd4-454a-bf26-17d23ecb6619","parent":null,"x":1128.91,"y":289.43,"z":454,"dragging":null},{"id":"292ab7c8-0967-49b5-8ce9-779ac9e1cf19","type":"card","cardType":"diamonds-5","deck":"3b2d8e41-6cd4-454a-bf26-17d23ecb6619","parent":null,"x":1128.91,"y":289.43,"z":455,"dragging":null},{"id":"c62b19c3-8d7f-4e8a-b5c0-abea2e1985da","type":"card","cardType":"diamonds-7","deck":"b5d4c90f-d935-4410-af50-402e019ada0f","parent":null,"x":379.78,"y":276.83,"z":451,"dragging":null},{"id":"55f06a7c-2bb5-430f-bc66-afdf25ca0463","type":"card","cardType":"diamonds-7","deck":"3b2d8e41-6cd4-454a-bf26-17d23ecb6619","parent":null,"x":1128.91,"y":289.43,"z":457,"dragging":null},{"id":"5d4b2b00-1234-4b4b-b63b-675a2639650a","type":"card","cardType":"diamonds-7","deck":"3b2d8e41-6cd4-454a-bf26-17d23ecb6619","parent":null,"x":1128.91,"y":289.43,"z":459,"dragging":null},{"id":"6673f723-951a-4508-ba3f-3fdf9d3dbac5","type":"card","cardType":"diamonds-4","deck":"3b2d8e41-6cd4-454a-bf26-17d23ecb6619","parent":null,"x":1128.91,"y":289.43,"z":466,"faceup":false,"owner":null,"dragging":null},{"id":"34c65a46-b988-4459-b022-faff641750c8","type":"card","cardType":"diamonds-6","deck":"3b2d8e41-6cd4-454a-bf26-17d23ecb6619","parent":null,"x":1128.91,"y":289.43,"z":456,"dragging":null},{"id":"619380e8-6ff1-4c66-8448-3798abd69220","type":"card","cardType":"diamonds-8","deck":"b5d4c90f-d935-4410-af50-402e019ada0f","parent":null,"x":379.78,"y":276.83,"z":442,"dragging":null},{"id":"dba38aed-01c0-4cc8-9777-803273e55323","x":351.68,"y":47.67,"z":471,"type":"labelText","labelContent":"Discard Pile car 1","textSize":18,"bold":false,"textAlign":"left","width":200,"linkedSeat":null,"dragging":null},{"id":"8bc6418a-e843-4d88-b55d-9059dfb5a597","type":"card","cardType":"diamonds-7","deck":"b5d4c90f-d935-4410-af50-402e019ada0f","parent":null,"x":379.78,"y":276.83,"z":448,"dragging":null},{"id":"e9286301-0a73-462c-9fde-b0c16dcf3089","type":"card","cardType":"diamonds-8","deck":"3b2d8e41-6cd4-454a-bf26-17d23ecb6619","parent":null,"x":1128.91,"y":289.43,"z":467,"faceup":false,"owner":null,"dragging":null},{"id":"d1b8449f-5c05-4d9e-9b85-082d4e7ffec7","type":"card","cardType":"diamonds-5","deck":"b5d4c90f-d935-4410-af50-402e019ada0f","parent":null,"x":379.78,"y":276.83,"z":440,"dragging":null},{"id":"05804149-7d9e-48fc-9347-ae0b3155b7d7","type":"card","cardType":"diamonds-4","deck":"3b2d8e41-6cd4-454a-bf26-17d23ecb6619","parent":null,"x":1128.91,"y":289.43,"z":460,"dragging":null},{"id":"9fa1d756-8f96-48b4-9819-9bd6d42f7b58","x":1050.06,"y":475,"z":300,"type":"labelText","labelContent":"Car 2","textSize":30,"bold":true,"textAlign":"center","width":300,"linkedSeat":null,"dragging":null},{"id":"42e66454-25f3-4489-8f13-9ca590184031","type":"card","cardType":"diamonds-7","deck":"3b2d8e41-6cd4-454a-bf26-17d23ecb6619","parent":null,"x":1128.91,"y":289.43,"z":465,"faceup":false,"owner":null,"dragging":null},{"id":"8573d942-55fe-40a5-8f90-0b60df36a1ff","type":"card","cardType":"diamonds-4","deck":"b5d4c90f-d935-4410-af50-402e019ada0f","parent":null,"x":379.78,"y":276.83,"z":445,"dragging":null},{"id":"hand","type":"hand","x":50,"y":820,"z":1,"dragging":null},{"backTemplate":{"includeBorder":"heavy","includeRadius":true,"objects":[{"type":"image","x":0,"y":0,"w":103,"h":160,"color":"#840202","valueType":"static","value":"/img/cardbacks/cardback-red.svg"},{"type":"image","x":0,"y":0,"w":103,"h":160,"valueType":"static","value":"package://userassets/8a8d588b-7aed-4d33-b936-be455e210ff5.png"}]},"type":"cardDeck","autoShuffle":true,"y":284.1,"cardTypes":{"diamonds-4":{"label":"SNAIL","image":"package://userassets/6617a7de-bd29-4f72-b57d-a50f2443813f.png"},"diamonds-5":{"label":"RABBIT","image":"package://userassets/0d2a36a3-4465-4e01-be80-7d57b6c04215.png"},"diamonds-6":{"label":"DOG","image":"package://userassets/ef5cd4be-dc09-4bc1-8be8-410f861fba49.png"},"diamonds-7":{"label":"HORSE","image":"package://userassets/a58bdc37-76ce-4094-b705-f6f7c8189d83.png"},"diamonds-8":{"label":"BIRD","image":"package://userassets/73328f20-6630-4393-a95c-e5e12a6a061f.png"}},"id":"b5d4c90f-d935-4410-af50-402e019ada0f","z":422,"x":451.55,"faceTemplate":{"includeBorder":"heavy","includeRadius":true,"objects":[{"type":"image","x":0,"y":0,"w":103,"h":160,"color":"white","valueType":"dynamic","value":"image"}]},"dragging":null},{"id":"aaeffcdc-b396-40f3-bbb6-fa808e6982ff","x":1006.71,"y":41.63,"z":472,"type":"labelText","labelContent":"Discard Pile Car 2","textSize":18,"bold":false,"textAlign":"left","width":200,"linkedSeat":null,"dragging":null},{"id":"f79fe33b-64c2-45ff-a5fe-77a2e732bae8","x":260.34,"y":540.74,"z":480,"type":"labelText","labelContent":"Cards put aside","textSize":18,"bold":false,"textAlign":"left","width":200,"dragging":null,"draggingType":null},{"id":"b0f40b1b-bee1-4feb-ba9e-d3a1b1aeaa4d","x":1063.8,"y":545.53,"z":484,"type":"labelText","labelContent":"Cards Put aside","textSize":18,"bold":false,"textAlign":"left","width":200,"dragging":null,"draggingType":null}]